"","gender","ftype","height","score","expenses","wish"
"1","female","піхта Нобіліс",190,3,1051,"так"
"2","male","піхта Нобіліс",174,3,2378,"ні"
"3","female","сосна кримська",248,4,655,"так"
"4","female","сосна кримська",191,1,2934,"так"
"5","female","сосна кримська",147,3,1198,"ні"
"6","male","сосна кримська",91,3,2139,"так"
"7","male","ялина звичайна",151,5,702,"так"
"8","female","ялина звичайна",94,2,2707,"ні"
"9","female","ялина звичайна",138,5,713,"ні"
"10","male","сосна датська",221,4,1521,"ні"
"11","female","сосна кримська",162,1,2009,"ні"
"12","female","ялина звичайна",149,5,1626,"ні"
"13","male","ялина звичайна",160,2,714,"так"
"14","male","ялина звичайна",239,2,765,"ні"
"15","female","сосна кримська",243,5,1782,"ні"
"16","male","ялина звичайна",157,3,567,"так"
"17","male","ялина звичайна",198,1,2593,"ні"
"18","male","сосна датська",151,5,2715,"так"
"19","male","сосна кримська",227,3,2771,"так"
"20","female","ялина звичайна",107,4,2316,
"21","male","піхта Нобіліс",104,3,2025,"ні"
"22","female","сосна датська",213,3,686,"ні"
"23","female","піхта Нобіліс",128,4,2424,"так"
"24","female","ялина звичайна",97,2,1592,"так"
"25","female","сосна кримська",76,3,2674,"так"
"26","male","піхта Нобіліс",219,5,2063,"ні"
"27","male","сосна датська",78,1,421,"ні"
"28","female","піхта Нобіліс",220,3,1924,"ні"
"29","female","сосна датська",247,3,643,"так"
"30","female","сосна датська",226,2,648,"ні"
"31","female","сосна кримська",74,5,2018,"ні"
"32","female","сосна кримська",107,4,737,"ні"
"33","female","сосна кримська",98,1,2269,"ні"
"34","male","сосна кримська",237,3,1292,"ні"
"35","female","сосна кримська",154,1,1301,"ні"
"36","female","сосна кримська",138,2,1697,"так"
"37","female","сосна датська",115,2,1386,"ні"
"38","female","ялина звичайна",148,2,2143,"ні"
"39","female","піхта Нобіліс",225,2,389,"так"
"40","male","піхта Нобіліс",132,1,829,"так"
"41","female","ялина звичайна",236,2,947,"так"
"42","male","сосна кримська",109,2,979,"ні"
"43","female","піхта Нобіліс",196,3,1165,"так"
"44","male","піхта Нобіліс",223,5,1294,"так"
"45","male","сосна датська",125,5,2105,"так"
"46","female","сосна кримська",79,4,1956,"так"
"47","male","піхта Нобіліс",209,5,1651,
"48","male","сосна кримська",106,2,1872,"так"
"49","female","піхта Нобіліс",93,4,998,"так"
"50","male","сосна датська",109,2,1889,"так"
"51","female","піхта Нобіліс",125,2,2951,"так"
"52","female","піхта Нобіліс",78,1,1722,"ні"
"53","male","сосна датська",149,5,466,"так"
"54","female","сосна датська",118,1,1361,"так"
"55","male","сосна кримська",124,1,2261,"ні"
"56","female","піхта Нобіліс",86,5,2489,"ні"
"57","female","ялина звичайна",139,3,2709,"ні"
"58","female","сосна кримська",106,2,514,"ні"
"59","male","сосна кримська",169,3,365,"ні"
"60","male","ялина звичайна",133,2,1014,"ні"
"61","female","піхта Нобіліс",78,2,1281,"ні"
"62","female","сосна кримська",233,5,1709,"так"
"63","male","ялина звичайна",71,5,1732,"так"
"64","female","сосна датська",153,3,1449,"так"
"65","female","ялина звичайна",127,1,1625,"так"
"66","male","ялина звичайна",148,3,552,"так"
"67","male","сосна кримська",165,3,881,"так"
"68","female","сосна датська",143,5,1987,"ні"
"69","male","сосна кримська",84,3,1225,"так"
"70","male","сосна датська",218,3,456,"ні"
"71","female","піхта Нобіліс",223,1,1860,"ні"
"72","female","сосна датська",119,1,2479,"так"
"73","male","сосна кримська",239,5,668,"ні"
"74","male","піхта Нобіліс",142,3,1692,"ні"
"75","female","ялина звичайна",91,1,751,"ні"
"76","female","ялина звичайна",107,5,550,"ні"
"77","male","піхта Нобіліс",176,4,2150,"так"
"78","female","піхта Нобіліс",142,3,843,"ні"
"79","male","піхта Нобіліс",103,2,357,"ні"
"80","male","сосна датська",126,2,2880,"так"
"81","male","сосна кримська",89,4,1879,"ні"
"82","male","ялина звичайна",111,3,2986,"ні"
"83","male","сосна датська",249,4,2496,"так"
"84","female","сосна кримська",174,1,1552,"так"
"85","female","ялина звичайна",183,4,1111,"ні"
"86","male","сосна датська",158,2,1360,"ні"
"87","male","піхта Нобіліс",73,5,2781,"так"
"88","male","ялина звичайна",73,5,1203,"ні"
"89","female","ялина звичайна",107,1,2620,"так"
"90","male","ялина звичайна",250,4,1900,"ні"
"91","male","піхта Нобіліс",120,3,1066,"ні"
"92","female","ялина звичайна",113,4,634,"так"
"93","female","сосна датська",194,4,696,"так"
"94","female","піхта Нобіліс",156,2,2939,"ні"
"95","female","сосна датська",185,5,583,"ні"
"96","male","піхта Нобіліс",147,5,396,"так"
"97","male","ялина звичайна",108,1,2308,"так"
"98","female","сосна датська",235,5,1637,"ні"
"99","female","ялина звичайна",245,3,1016,"ні"
"100","male","сосна кримська",194,5,1049,"ні"
"101","female","ялина звичайна",75,1,676,"ні"
"102","female","сосна кримська",108,1,967,"ні"
"103","female","сосна датська",207,4,1013,"так"
"104","female","сосна датська",186,4,764,"ні"
"105","male","сосна датська",118,1,808,"ні"
"106","female","сосна датська",149,4,1104,"ні"
"107","male","сосна датська",175,1,771,"ні"
"108","female","сосна кримська",93,1,2686,"так"
"109","female","ялина звичайна",72,1,1859,"ні"
"110","female","піхта Нобіліс",131,2,651,"ні"
"111","female","сосна кримська",114,4,332,"ні"
"112","female","сосна кримська",112,3,1981,"ні"
"113","male","піхта Нобіліс",126,2,1718,"ні"
"114","female","сосна датська",227,1,409,"так"
"115","female","сосна датська",210,1,2466,"так"
"116","female","сосна кримська",235,3,1277,"ні"
"117","male","сосна кримська",143,2,2940,"так"
"118","male","сосна датська",101,1,923,"так"
"119","female","піхта Нобіліс",142,1,2254,"так"
"120","female","сосна датська",157,3,579,"ні"
"121","male","сосна кримська",202,5,584,"ні"
"122","female","сосна кримська",111,2,1752,"так"
"123","female","піхта Нобіліс",120,5,1772,"так"
"124","female","піхта Нобіліс",181,5,1221,"ні"
"125","male","сосна датська",173,3,626,"ні"
"126","female","сосна датська",168,2,2466,"ні"
"127","female","піхта Нобіліс",242,5,2205,"ні"
"128","female","ялина звичайна",98,2,592,"ні"
"129","male","сосна кримська",194,5,2251,"ні"
"130","male","піхта Нобіліс",83,3,988,"ні"
"131","male","сосна датська",193,3,322,"так"
"132","female","ялина звичайна",161,2,2947,"ні"
"133","male","піхта Нобіліс",84,1,2154,"так"
"134","female","піхта Нобіліс",78,5,540,"так"
"135","female","сосна датська",184,5,2888,"так"
"136","female","сосна датська",110,5,928,"так"
"137","female","ялина звичайна",229,5,834,"так"
"138","female","сосна датська",140,1,2370,"так"
"139","male","сосна датська",212,2,1714,"ні"
"140","female","сосна кримська",169,4,1435,"ні"
"141","male","сосна кримська",112,2,987,"ні"
"142","female","сосна кримська",164,3,714,"ні"
"143","male","сосна датська",101,3,892,"ні"
"144","female","ялина звичайна",111,5,1195,"ні"
"145","male","сосна кримська",118,3,457,"так"
"146","female","ялина звичайна",80,1,313,"ні"
"147","female","піхта Нобіліс",235,5,885,"так"
"148","female","сосна кримська",250,4,574,"так"
"149","female","сосна датська",96,4,1834,"так"
"150","male","сосна датська",72,5,1485,"ні"
"151","female","ялина звичайна",115,1,1599,"ні"
"152","male","сосна кримська",85,1,2634,"так"
"153","female","сосна кримська",84,1,1873,"так"
"154","male","піхта Нобіліс",106,4,2221,"ні"
"155","male","піхта Нобіліс",246,1,597,"так"
"156","male","сосна кримська",181,3,2496,"так"
"157","male","піхта Нобіліс",147,1,493,"ні"
"158","male","сосна датська",220,4,1476,"ні"
"159","male","ялина звичайна",156,4,686,"ні"
"160","male","сосна кримська",166,2,2199,"так"
"161","male","сосна датська",171,4,452,"так"
"162","male","сосна кримська",218,2,1953,"так"
"163","female","піхта Нобіліс",168,5,2295,"ні"
"164","female","сосна датська",154,2,2766,"ні"
"165","male","піхта Нобіліс",135,2,2616,"ні"
"166","female","сосна кримська",139,1,803,"так"
"167","male","ялина звичайна",158,1,1473,"ні"
"168","male","сосна кримська",203,3,2857,"ні"
"169","female","піхта Нобіліс",222,4,1370,"так"
"170","female","сосна кримська",86,5,1724,"ні"
"171","male","сосна кримська",212,4,1784,"так"
"172","female","сосна кримська",208,5,733,"так"
"173","female","сосна кримська",190,3,410,"ні"
"174","male","сосна кримська",100,3,735,"так"
"175","male","сосна кримська",128,4,2879,"так"
"176","female","сосна кримська",168,4,2616,"ні"
"177","female","сосна датська",185,1,835,"так"
"178","male","піхта Нобіліс",246,3,1812,"ні"
"179","female","ялина звичайна",134,2,1236,"так"
"180","male","ялина звичайна",133,2,460,"так"
"181","female","піхта Нобіліс",115,4,1733,"так"
"182","male","сосна кримська",243,2,1678,"так"
"183","male","сосна кримська",168,4,2407,"так"
"184","female","ялина звичайна",72,4,1700,"так"
"185","male","піхта Нобіліс",241,3,1577,"так"
"186","male","сосна датська",152,1,2204,"так"
"187","male","сосна датська",83,1,1803,"так"
"188","female","сосна датська",239,1,832,"так"
"189","female","сосна датська",241,5,2233,"так"
"190","female","ялина звичайна",191,5,2922,"так"
"191","female","ялина звичайна",126,4,1088,"ні"
"192","male","сосна датська",87,5,484,"так"
"193","female","сосна кримська",117,2,344,"ні"
"194","female","сосна датська",183,1,2718,"так"
"195","male","сосна кримська",148,4,1044,"так"
"196","female","піхта Нобіліс",246,1,1645,"так"
"197","male","сосна кримська",207,2,2926,"так"
"198","male","сосна датська",140,5,1389,"так"
"199","female","сосна датська",225,1,2257,"так"
"200","male","сосна датська",202,4,2135,"так"
"201","female","піхта Нобіліс",159,3,1744,"ні"
"202","female","піхта Нобіліс",193,2,2558,"так"
"203","male","сосна датська",160,2,1089,"так"
"204","male","сосна кримська",213,2,354,"ні"
"205","female","піхта Нобіліс",145,5,2999,"так"
"206","male","ялина звичайна",240,2,670,"так"
"207","male","ялина звичайна",220,3,2009,"так"
"208","male","сосна кримська",158,3,1112,"ні"
"209","female","сосна кримська",125,4,2032,"ні"
"210","female","ялина звичайна",107,2,1639,"ні"
"211","male","піхта Нобіліс",155,5,2780,"так"
"212","female","сосна кримська",222,2,1290,"ні"
"213","male","ялина звичайна",208,2,2175,"так"
"214","male","сосна кримська",203,2,1168,"так"
"215","male","сосна кримська",231,2,370,"ні"
"216","female","піхта Нобіліс",158,2,946,"ні"
"217","female","сосна кримська",219,4,2285,"так"
"218","male","сосна кримська",215,3,982,"так"
"219","male","сосна кримська",201,1,621,"ні"
"220","female","ялина звичайна",121,2,2742,"ні"
"221","female","ялина звичайна",193,4,2055,"ні"
"222","female","сосна датська",193,2,578,"ні"
"223","male","ялина звичайна",188,4,2867,"так"
"224","female","сосна кримська",185,2,1422,"ні"
"225","female","ялина звичайна",228,3,2842,"так"
"226","female","сосна кримська",74,3,1173,"так"
"227","female","сосна датська",195,1,1827,"ні"
"228","male","сосна датська",89,2,2949,"так"
"229","female","піхта Нобіліс",89,5,761,"ні"
"230","female","сосна кримська",95,3,906,"ні"
"231","female","ялина звичайна",113,2,637,"так"
"232","female","сосна датська",166,2,1716,"так"
"233","male","сосна кримська",226,3,1067,"ні"
"234","male","ялина звичайна",177,4,999,"ні"
"235","female","піхта Нобіліс",221,3,2470,"так"
"236","female","піхта Нобіліс",220,2,1793,"ні"
"237","male","сосна кримська",148,5,2696,"ні"
"238","male","піхта Нобіліс",162,3,1638,"ні"
"239","female","сосна кримська",109,3,2618,"так"
"240","male","ялина звичайна",186,3,682,"ні"
"241","female","піхта Нобіліс",218,4,2837,"ні"
"242","female","ялина звичайна",91,2,1288,"ні"
"243","male","піхта Нобіліс",176,2,471,"так"
"244","male","піхта Нобіліс",208,4,622,"ні"
"245","male","сосна датська",245,2,2306,"так"
"246","male","сосна датська",138,4,776,"ні"
"247","male","сосна кримська",109,2,2992,"ні"
"248","female","сосна датська",208,3,2053,"так"
"249","female","ялина звичайна",191,4,2095,"ні"
"250","female","піхта Нобіліс",211,3,844,"так"
"251","female","ялина звичайна",243,5,1729,"так"
"252","female","ялина звичайна",248,1,2320,"ні"
"253","male","сосна датська",182,1,1198,"так"
"254","female","сосна кримська",240,1,356,"так"
"255","male","сосна датська",166,5,1166,"так"
"256","female","піхта Нобіліс",149,2,2792,"ні"
"257","male","ялина звичайна",110,3,2018,"ні"
"258","male","ялина звичайна",109,2,1974,"так"
"259","female","сосна кримська",211,1,1961,"ні"
"260","male","піхта Нобіліс",116,3,633,"ні"
"261","male","сосна датська",81,3,899,"ні"
"262","male","піхта Нобіліс",161,5,2323,"ні"
"263","male","сосна датська",229,4,396,"так"
"264","male","ялина звичайна",185,3,665,"ні"
"265","female","сосна датська",217,2,2357,"так"
"266","female","сосна кримська",193,2,2418,"так"
"267","male","ялина звичайна",131,1,2941,"ні"
"268","female","піхта Нобіліс",129,1,2779,"ні"
"269","male","сосна кримська",81,5,591,"ні"
"270","female","піхта Нобіліс",109,2,419,"так"
"271","male","піхта Нобіліс",241,5,2341,"так"
"272","female","ялина звичайна",221,1,2918,"так"
"273","female","сосна датська",111,4,2907,"ні"
"274","female","піхта Нобіліс",160,4,437,"так"
"275","male","піхта Нобіліс",136,5,1827,"ні"
"276","male","сосна датська",235,5,848,"ні"
"277","female","ялина звичайна",119,3,424,"ні"
"278","female","ялина звичайна",78,4,1880,"ні"
"279","male","сосна кримська",137,4,1386,"так"
"280","male","сосна датська",223,5,797,"ні"
"281","female","сосна датська",232,4,1769,"ні"
"282","female","піхта Нобіліс",183,2,543,"ні"
"283","female","піхта Нобіліс",243,3,2080,"так"
"284","male","піхта Нобіліс",183,2,402,"так"
"285","male","сосна кримська",97,5,407,"ні"
"286","female","піхта Нобіліс",133,4,1147,"так"
"287","male","ялина звичайна",132,3,2704,"ні"
"288","female","ялина звичайна",172,5,2334,"ні"
"289","male","ялина звичайна",250,5,1344,"ні"
"290","male","ялина звичайна",91,1,2173,"ні"
"291","female","піхта Нобіліс",168,4,2279,"ні"
"292","male","сосна кримська",118,1,864,"ні"
"293","male","сосна датська",205,2,1557,"ні"
"294","female","піхта Нобіліс",158,3,2114,"так"
"295","male","сосна датська",140,2,566,"так"
"296","male","ялина звичайна",224,1,2920,"так"
"297","female","сосна датська",176,2,330,"ні"
"298","female","піхта Нобіліс",138,1,2158,"ні"
"299","male","ялина звичайна",162,1,2800,"так"
"300","female","піхта Нобіліс",186,5,2739,"ні"
"301","male","піхта Нобіліс",200,1,2692,"так"
"302","female","піхта Нобіліс",220,5,2039,"так"
"303","female","сосна датська",114,1,2038,"ні"
"304","female","ялина звичайна",126,3,1084,"ні"
"305","male","ялина звичайна",238,5,1322,"ні"
"306","male","сосна датська",227,1,2163,"так"
"307","female","ялина звичайна",161,5,800,"так"
"308","male","сосна датська",138,4,520,"так"
"309","male","піхта Нобіліс",140,5,859,"ні"
"310","male","сосна кримська",185,5,594,"так"
"311","female","сосна кримська",115,3,2522,"так"
"312","male","сосна датська",145,5,841,"ні"
"313","male","піхта Нобіліс",118,4,2864,"ні"
"314","male","піхта Нобіліс",73,4,1102,"так"
"315","female","сосна кримська",120,3,2731,"так"
"316","female","сосна кримська",225,4,2636,"ні"
"317","male","піхта Нобіліс",169,1,1519,"так"
"318","male","сосна датська",172,5,2481,"ні"
"319","female","ялина звичайна",198,1,1304,"ні"
"320","male","ялина звичайна",202,2,1600,"ні"
"321","female","сосна кримська",73,4,398,"так"
"322","male","сосна датська",177,4,2043,"ні"
"323","female","сосна датська",209,3,2746,"ні"
"324","female","ялина звичайна",156,4,1034,"так"
"325","female","піхта Нобіліс",163,1,2212,"так"
"326","male","сосна кримська",70,4,1199,"ні"
"327","male","сосна датська",140,1,535,"ні"
"328","female","ялина звичайна",177,3,774,"ні"
"329","male","сосна датська",236,1,513,"ні"
"330","female","піхта Нобіліс",200,2,2323,"так"
"331","female","сосна кримська",241,5,2205,"ні"
"332","male","піхта Нобіліс",105,2,1507,"так"
"333","female","ялина звичайна",206,2,2375,"так"
"334","female","сосна датська",153,2,1836,"так"
"335","male","сосна кримська",181,1,1454,"ні"
"336","female","піхта Нобіліс",249,5,591,"ні"
"337","female","сосна кримська",222,1,1889,"ні"
"338","female","сосна датська",104,2,1089,"ні"
"339","male","сосна кримська",223,2,1224,"так"
"340","male","сосна датська",148,5,2304,"так"
"341","male","сосна кримська",153,4,2252,"ні"
"342","female","сосна кримська",167,2,2237,"ні"
"343","female","сосна кримська",110,2,530,"ні"
"344","male","ялина звичайна",234,5,2899,"так"
"345","male","піхта Нобіліс",73,4,1627,"так"
"346","male","ялина звичайна",72,1,847,"так"
"347","male","ялина звичайна",104,1,1647,"ні"
"348","male","піхта Нобіліс",71,3,1355,"так"
"349","male","сосна датська",99,5,2832,"ні"
"350","female","піхта Нобіліс",130,3,1222,"ні"
"351","female","сосна кримська",215,4,673,"так"
"352","male","сосна датська",143,2,2783,"так"
"353","female","сосна датська",160,3,1510,"ні"
"354","female","сосна датська",190,1,2586,"так"
"355","female","піхта Нобіліс",201,5,1064,"ні"
"356","female","піхта Нобіліс",226,5,2286,"так"
"357","male","піхта Нобіліс",237,1,2038,"так"
"358","male","сосна датська",152,4,1705,"ні"
"359","male","ялина звичайна",138,2,641,"ні"
"360","female","піхта Нобіліс",173,3,784,"ні"
"361","male","сосна датська",212,1,1343,"ні"
"362","male","сосна кримська",96,3,1774,"так"
"363","male","ялина звичайна",82,5,1796,"ні"
"364","female","піхта Нобіліс",148,4,1484,"ні"
"365","male","сосна датська",247,2,1484,"так"
"366","male","ялина звичайна",176,5,1932,"так"
"367","female","ялина звичайна",211,4,1914,"так"
"368","male","сосна датська",133,1,2957,"ні"
"369","male","сосна датська",219,3,439,"ні"
"370","female","сосна датська",111,2,1803,"так"
"371","female","сосна датська",208,5,1923,"так"
"372","female","ялина звичайна",206,2,1641,"так"
"373","male","ялина звичайна",146,4,2950,"ні"
"374","male","сосна датська",114,4,2586,"так"
"375","male","сосна датська",153,1,1009,"ні"
"376","female","сосна датська",138,4,2738,"ні"
"377","male","сосна датська",164,3,493,"так"
"378","male","піхта Нобіліс",137,3,687,"ні"
"379","male","сосна датська",184,2,2762,"ні"
"380","male","піхта Нобіліс",121,3,1217,"так"
"381","female","сосна кримська",132,5,374,"ні"
"382","female","сосна кримська",119,3,1389,"ні"
"383","female","сосна датська",179,2,754,"ні"
"384","female","ялина звичайна",91,2,2768,"ні"
"385","female","сосна кримська",113,1,1993,"ні"
"386","male","сосна кримська",148,3,2494,"так"
"387","female","сосна кримська",201,5,1334,"ні"
"388","female","сосна датська",115,2,1549,"ні"
"389","female","сосна кримська",243,4,2286,"ні"
"390","female","піхта Нобіліс",122,5,826,"так"
"391","female","піхта Нобіліс",243,4,302,"ні"
"392","female","сосна датська",85,3,578,"ні"
"393","female","сосна датська",233,1,2809,"так"
"394","male","ялина звичайна",156,2,1577,"так"
"395","female","сосна датська",202,5,1179,"так"
"396","female","сосна кримська",212,4,1294,"ні"
"397","male","ялина звичайна",153,3,816,"так"
"398","female","сосна датська",124,2,1996,"ні"
"399","male","піхта Нобіліс",248,5,2193,"ні"
"400","male","піхта Нобіліс",218,5,1636,"так"
"401","female","сосна датська",240,3,2936,"так"
"402","female","сосна кримська",106,5,2892,"ні"
"403","female","піхта Нобіліс",201,2,1019,"так"
"404","female","сосна кримська",149,2,820,"ні"
"405","female","сосна кримська",159,4,1852,"так"
"406","male","сосна датська",233,3,2626,"так"
"407","female","піхта Нобіліс",213,3,2274,"ні"
"408","male","сосна датська",73,3,546,"ні"
"409","female","піхта Нобіліс",130,3,713,"так"
"410","female","сосна кримська",185,1,2773,"так"
"411","male","ялина звичайна",241,3,2757,"так"
"412","female","сосна кримська",155,5,2247,"ні"
"413","female","ялина звичайна",241,1,1414,"так"
"414","male","ялина звичайна",115,1,992,"ні"
"415","male","сосна датська",110,1,2847,"так"
"416","male","сосна кримська",220,5,1944,"так"
"417","female","сосна кримська",216,2,987,"ні"
"418","female","сосна кримська",216,5,574,"так"
"419","male","сосна датська",111,4,2155,"так"
"420","female","піхта Нобіліс",176,3,995,"ні"
"421","female","піхта Нобіліс",245,5,968,"ні"
"422","male","піхта Нобіліс",81,5,2958,"так"
"423","male","ялина звичайна",202,2,933,"ні"
"424","male","ялина звичайна",225,1,1201,"ні"
"425","female","піхта Нобіліс",195,1,518,"так"
"426","male","піхта Нобіліс",108,5,2326,"так"
"427","female","ялина звичайна",249,2,2240,"так"
"428","male","ялина звичайна",97,3,562,"так"
"429","female","піхта Нобіліс",86,5,1877,"так"
"430","male","сосна кримська",134,5,1476,"ні"
"431","male","піхта Нобіліс",70,4,486,"ні"
"432","male","сосна кримська",205,1,1781,"так"
"433","male","сосна кримська",91,4,1685,"ні"
"434","male","сосна датська",193,4,1849,"так"
"435","female","ялина звичайна",95,1,1032,"так"
"436","female","піхта Нобіліс",80,3,2167,"так"
"437","male","піхта Нобіліс",94,5,571,"так"
"438","male","сосна датська",102,5,2692,"так"
"439","male","сосна датська",221,1,1729,"так"
"440","female","сосна датська",113,1,2049,"ні"
"441","female","сосна датська",90,1,2887,"ні"
"442","female","сосна датська",231,3,1684,"ні"
"443","female","сосна кримська",234,5,2021,"ні"
"444","male","ялина звичайна",128,1,2638,"так"
"445","male","сосна кримська",200,3,2170,"ні"
"446","female","сосна кримська",171,4,1716,"так"
"447","female","піхта Нобіліс",178,4,1629,"так"
"448","male","ялина звичайна",177,1,1266,"так"
"449","female","ялина звичайна",83,2,2262,"так"
"450","male","сосна датська",179,5,2784,"так"
"451","female","піхта Нобіліс",233,5,1729,"ні"
"452","male","сосна датська",86,1,2701,"так"
"453","female","піхта Нобіліс",234,5,621,"так"
"454","female","сосна кримська",126,5,2046,"так"
"455","male","сосна датська",140,2,1575,"ні"
"456","male","сосна датська",90,5,2041,"ні"
"457","male","сосна кримська",82,4,1080,"так"
"458","male","сосна кримська",183,1,2663,"так"
"459","male","сосна кримська",115,3,491,"так"
"460","male","ялина звичайна",206,5,785,"ні"
"461","male","сосна кримська",106,1,2502,"ні"
"462","female","піхта Нобіліс",226,5,2637,"ні"
"463","male","сосна датська",213,5,2187,"так"
"464","male","сосна кримська",143,2,1169,"так"
"465","male","ялина звичайна",83,2,2678,"ні"
"466","female","ялина звичайна",196,2,2841,"так"
"467","male","сосна кримська",169,3,2398,"ні"
"468","male","піхта Нобіліс",232,3,2660,"так"
"469","female","сосна кримська",230,2,1544,"так"
"470","male","сосна датська",144,3,2795,"ні"
"471","male","ялина звичайна",222,2,442,"так"
"472","male","піхта Нобіліс",83,3,436,"ні"
"473","male","ялина звичайна",116,2,669,"так"
"474","male","сосна кримська",162,3,804,"так"
"475","female","ялина звичайна",76,5,2471,"ні"
"476","male","піхта Нобіліс",146,1,364,"ні"
"477","male","сосна кримська",228,1,1231,"так"
"478","male","піхта Нобіліс",85,5,1481,"так"
"479","female","сосна кримська",121,4,313,"так"
"480","male","піхта Нобіліс",168,3,1179,"ні"
"481","male","ялина звичайна",225,5,1735,"ні"
"482","female","сосна кримська",162,3,2598,"так"
"483","female","піхта Нобіліс",91,2,605,"так"
"484","female","ялина звичайна",90,2,873,"так"
"485","female","ялина звичайна",106,3,2311,"так"
"486","female","сосна кримська",152,3,2814,"так"
"487","male","ялина звичайна",209,3,1084,"так"
"488","female","сосна кримська",103,1,435,"так"
"489","female","піхта Нобіліс",106,5,1097,"ні"
"490","female","сосна кримська",219,3,1593,"ні"
"491","female","ялина звичайна",247,4,871,"ні"
"492","female","сосна кримська",233,5,1217,"так"
"493","female","ялина звичайна",155,3,2012,"ні"
"494","female","піхта Нобіліс",211,5,1502,"так"
"495","female","піхта Нобіліс",216,3,537,"ні"
"496","male","сосна датська",223,4,2082,"так"
"497","male","сосна кримська",126,3,904,"ні"
"498","male","піхта Нобіліс",95,4,1469,"так"
"499","female","піхта Нобіліс",99,1,2109,"ні"
"500","male","піхта Нобіліс",180,2,2675,"ні"
"501","female","ялина звичайна",243,1,2373,"ні"
"502","female","ялина звичайна",133,2,2895,"ні"
"503","female","сосна кримська",165,4,2149,"так"
"504","female","сосна датська",180,3,1844,"ні"
"505","male","сосна кримська",74,4,2204,"ні"
"506","female","сосна кримська",177,3,1815,"так"
"507","male","сосна кримська",94,3,2489,"так"
"508","male","сосна датська",124,5,1347,"ні"
"509","male","сосна датська",203,1,2577,"так"
"510","female","сосна датська",106,2,2893,"так"
"511","female","сосна датська",161,4,2300,"так"
"512","female","піхта Нобіліс",184,3,1299,"так"
"513","female","піхта Нобіліс",119,5,643,"ні"
"514","female","ялина звичайна",107,3,1537,"так"
"515","male","сосна датська",209,4,2330,"ні"
"516","male","сосна датська",104,2,1528,"ні"
"517","female","сосна кримська",235,5,2063,"так"
"518","male","сосна датська",233,1,2818,"ні"
"519","male","піхта Нобіліс",131,3,1607,"так"
"520","male","сосна датська",147,4,1614,"ні"
"521","female","піхта Нобіліс",127,5,2276,"ні"
"522","female","сосна кримська",161,3,1533,"ні"
"523","female","сосна кримська",108,2,2306,"так"
"524","female","піхта Нобіліс",85,3,974,"так"
"525","female","піхта Нобіліс",161,2,2974,"так"
"526","male","сосна датська",220,1,1288,"ні"
"527","male","піхта Нобіліс",137,5,1632,"так"
"528","male","піхта Нобіліс",144,4,1907,"ні"
"529","female","сосна датська",166,2,2800,"ні"
"530","female","сосна датська",120,5,2860,"ні"
"531","female","піхта Нобіліс",82,5,2127,"ні"
"532","male","сосна кримська",128,3,2911,"ні"
"533","male","сосна датська",247,1,2235,"так"
"534","male","ялина звичайна",173,3,484,"ні"
"535","female","ялина звичайна",133,3,2683,"ні"
"536","male","сосна кримська",233,1,1093,"так"
"537","female","піхта Нобіліс",240,4,463,"так"
"538","female","піхта Нобіліс",74,5,2646,"ні"
"539","female","сосна датська",178,1,2186,"так"
"540","male","піхта Нобіліс",147,5,944,"ні"
"541","male","сосна датська",181,3,573,"так"
"542","male","ялина звичайна",128,1,2107,"ні"
"543","male","ялина звичайна",174,5,867,"ні"
"544","male","піхта Нобіліс",148,1,1118,"ні"
"545","female","ялина звичайна",144,2,2487,"так"
"546","female","ялина звичайна",206,3,1029,"ні"
"547","female","сосна кримська",157,2,2527,"так"
"548","male","піхта Нобіліс",142,4,2705,"ні"
"549","male","сосна датська",88,5,2426,"так"
"550","male","сосна датська",160,1,1104,"так"
"551","male","піхта Нобіліс",192,4,1471,"ні"
"552","female","ялина звичайна",181,4,1342,"так"
"553","female","піхта Нобіліс",207,1,540,"ні"
"554","female","ялина звичайна",108,4,1085,"так"
"555","female","сосна датська",172,2,2965,"ні"
"556","male","сосна датська",178,5,2967,"ні"
"557","female","сосна датська",214,2,2359,"так"
"558","female","піхта Нобіліс",96,4,392,"ні"
"559","male","ялина звичайна",121,4,1390,"так"
"560","female","піхта Нобіліс",248,1,933,"так"
"561","male","ялина звичайна",178,5,1764,"так"
"562","male","сосна датська",228,1,2477,"так"
"563","male","сосна датська",80,2,2720,"так"
"564","male","ялина звичайна",199,1,1488,"ні"
"565","female","піхта Нобіліс",83,1,732,"так"
"566","male","сосна датська",96,1,747,"ні"
"567","female","піхта Нобіліс",219,2,1162,"так"
"568","female","піхта Нобіліс",128,3,2260,"так"
"569","female","ялина звичайна",227,4,1385,"ні"
"570","female","ялина звичайна",112,1,1099,"ні"
"571","male","ялина звичайна",114,2,379,"ні"
"572","male","сосна кримська",194,2,1603,"ні"
"573","male","піхта Нобіліс",250,2,2721,"ні"
"574","male","ялина звичайна",165,3,2482,"ні"
"575","female","сосна кримська",115,2,1983,"так"
"576","male","піхта Нобіліс",109,2,1137,"так"
"577","male","сосна кримська",203,2,1450,"ні"
"578","male","ялина звичайна",91,1,1779,"так"
"579","female","ялина звичайна",164,3,2439,"ні"
"580","female","ялина звичайна",212,5,1220,"ні"
"581","female","сосна кримська",172,5,1482,"так"
"582","male","ялина звичайна",123,5,1597,"так"
"583","male","сосна кримська",218,1,1048,"ні"
"584","female","ялина звичайна",118,3,1682,"так"
"585","female","піхта Нобіліс",218,5,558,"так"
"586","male","ялина звичайна",188,5,1226,"так"
"587","male","ялина звичайна",189,1,1462,"ні"
"588","female","сосна кримська",121,1,943,"так"
"589","male","сосна датська",158,4,1252,"так"
"590","female","ялина звичайна",142,2,1567,"ні"
"591","female","сосна кримська",222,4,601,"так"
"592","female","сосна датська",205,5,731,"так"
"593","female","сосна кримська",236,2,488,"так"
"594","female","піхта Нобіліс",71,2,461,"так"
"595","female","піхта Нобіліс",161,2,1843,"ні"
"596","female","сосна кримська",157,4,2392,"так"
"597","male","сосна датська",100,1,2533,"ні"
"598","female","сосна кримська",193,5,705,"ні"
"599","female","сосна кримська",109,5,2849,"ні"
"600","male","сосна кримська",156,1,799,"ні"
"601","female","сосна кримська",89,2,626,"так"
"602","male","сосна кримська",214,2,1383,"ні"
"603","female","сосна кримська",202,1,2651,"так"
"604","male","піхта Нобіліс",180,3,2030,"так"
"605","female","сосна датська",123,1,302,"так"
"606","female","піхта Нобіліс",75,1,1209,"ні"
"607","male","ялина звичайна",105,4,2686,"так"
"608","female","піхта Нобіліс",219,4,1463,"так"
"609","male","сосна кримська",200,3,2035,"ні"
"610","female","сосна кримська",149,4,590,"так"
"611","female","піхта Нобіліс",232,5,2803,"так"
"612","male","ялина звичайна",89,5,1010,"так"
"613","female","сосна датська",200,2,2447,"ні"
"614","male","сосна кримська",133,5,507,"ні"
"615","male","ялина звичайна",89,3,1731,"так"
"616","female","піхта Нобіліс",121,3,403,"ні"
"617","male","ялина звичайна",75,2,1913,"так"
"618","female","піхта Нобіліс",195,5,1435,"ні"
"619","male","сосна датська",185,1,2312,"ні"
"620","male","сосна кримська",176,5,2752,"ні"
"621","male","ялина звичайна",220,3,1061,"так"
"622","male","ялина звичайна",114,3,1812,"так"
"623","male","сосна кримська",175,4,2906,"ні"
"624","male","сосна кримська",218,1,591,"ні"
"625","male","ялина звичайна",134,3,1597,"ні"
"626","male","піхта Нобіліс",176,5,727,"ні"
"627","female","сосна кримська",190,5,1357,"так"
"628","male","піхта Нобіліс",107,2,471,"так"
"629","male","сосна кримська",150,5,2692,"ні"
"630","male","сосна кримська",196,5,455,"так"
"631","female","сосна кримська",225,5,1968,"так"
"632","male","ялина звичайна",196,1,2884,"так"
"633","male","піхта Нобіліс",158,2,1888,"ні"
"634","female","піхта Нобіліс",186,1,1691,"ні"
"635","male","ялина звичайна",106,4,1913,"так"
"636","female","сосна кримська",193,2,921,"так"
"637","female","піхта Нобіліс",180,4,756,"ні"
"638","female","ялина звичайна",217,4,811,"так"
"639","female","сосна кримська",113,1,2189,"так"
"640","male","ялина звичайна",242,4,1289,"ні"
"641","male","ялина звичайна",137,2,784,"так"
"642","female","піхта Нобіліс",76,2,607,"так"
"643","male","сосна кримська",77,5,1460,"так"
"644","male","сосна кримська",79,1,1550,"ні"
"645","male","піхта Нобіліс",209,4,2867,"так"
"646","female","піхта Нобіліс",190,5,2302,"ні"
"647","male","піхта Нобіліс",238,1,1525,"так"
"648","female","піхта Нобіліс",159,5,1577,"ні"
"649","male","піхта Нобіліс",106,5,1232,"ні"
"650","female","ялина звичайна",142,3,2892,"так"
"651","female","сосна датська",235,3,1202,"так"
"652","male","ялина звичайна",196,2,1010,"ні"
"653","male","піхта Нобіліс",113,2,788,"ні"
"654","male","піхта Нобіліс",94,1,333,"так"
"655","male","сосна кримська",192,5,646,"так"
"656","male","ялина звичайна",147,4,1557,"так"
"657","female","сосна кримська",108,3,1633,"ні"
"658","female","сосна кримська",245,1,1660,"так"
"659","female","сосна кримська",132,4,635,"так"
"660","male","піхта Нобіліс",159,3,1994,"так"
"661","male","піхта Нобіліс",248,2,2953,"ні"
"662","female","ялина звичайна",111,4,411,"так"
"663","female","сосна кримська",196,3,893,"так"
"664","female","сосна кримська",109,2,2733,"так"
"665","female","ялина звичайна",171,1,512,"ні"
"666","female","ялина звичайна",195,4,2646,"так"
"667","female","сосна кримська",174,3,309,"ні"
"668","female","піхта Нобіліс",178,1,654,"так"
"669","male","сосна кримська",215,1,2854,"так"
"670","male","ялина звичайна",243,3,1925,"ні"
"671","female","сосна датська",201,5,2070,"ні"
"672","female","сосна датська",160,3,1972,"ні"
"673","male","сосна датська",102,5,2542,"ні"
"674","male","сосна датська",175,5,784,"ні"
"675","female","сосна кримська",243,5,1141,"так"
"676","female","піхта Нобіліс",186,1,1845,"так"
"677","female","піхта Нобіліс",222,4,1617,"так"
"678","male","піхта Нобіліс",100,4,1059,"ні"
"679","male","ялина звичайна",176,4,864,"так"
"680","male","піхта Нобіліс",219,4,2278,"так"
"681","female","сосна кримська",108,3,1835,"ні"
"682","female","піхта Нобіліс",216,3,686,"ні"
"683","female","піхта Нобіліс",195,2,2343,"так"
"684","male","сосна датська",249,5,908,"ні"
"685","female","піхта Нобіліс",187,4,2602,"так"
"686","female","ялина звичайна",152,1,2368,"так"
"687","male","піхта Нобіліс",124,1,2651,"так"
"688","female","піхта Нобіліс",250,1,1387,"ні"
"689","female","піхта Нобіліс",205,5,1073,"ні"
"690","male","ялина звичайна",224,4,1507,"ні"
"691","female","ялина звичайна",121,3,2399,"ні"
"692","male","сосна датська",230,3,2914,"так"
"693","male","сосна кримська",246,5,997,"так"
"694","male","сосна кримська",143,2,1013,"так"
"695","female","ялина звичайна",77,3,2393,"ні"
"696","male","піхта Нобіліс",101,1,739,"ні"
"697","male","сосна кримська",155,4,2720,"ні"
"698","female","сосна датська",150,4,2357,"ні"
"699","male","сосна кримська",168,4,600,"так"
"700","male","ялина звичайна",95,1,600,"ні"
"701","female","ялина звичайна",147,5,665,"ні"
"702","male","сосна датська",231,5,2393,"ні"
"703","male","ялина звичайна",76,3,1270,"ні"
"704","male","піхта Нобіліс",93,2,718,"ні"
"705","female","ялина звичайна",138,5,1926,"ні"
"706","male","ялина звичайна",103,3,1928,"ні"
"707","female","ялина звичайна",202,5,2802,"так"
"708","male","сосна датська",169,3,1795,"так"
"709","male","сосна датська",208,3,609,"так"
"710","female","ялина звичайна",248,4,1301,"ні"
"711","male","сосна датська",200,2,563,"так"
"712","male","піхта Нобіліс",107,1,1268,"ні"
"713","male","піхта Нобіліс",138,1,371,"так"
"714","female","сосна датська",162,4,2297,"ні"
"715","female","піхта Нобіліс",99,2,1468,"так"
"716","female","ялина звичайна",240,5,922,"ні"
"717","male","піхта Нобіліс",181,5,782,"ні"
"718","female","сосна кримська",171,2,1917,"ні"
"719","male","сосна датська",104,3,2221,"так"
"720","female","ялина звичайна",76,2,1479,"так"
"721","male","сосна датська",164,4,965,"так"
"722","female","піхта Нобіліс",224,1,2543,"ні"
"723","female","піхта Нобіліс",111,1,2292,"так"
"724","female","ялина звичайна",176,5,1940,"так"
"725","male","ялина звичайна",72,2,508,"так"
"726","male","піхта Нобіліс",221,5,2100,"так"
"727","male","сосна датська",241,3,561,"ні"
"728","female","піхта Нобіліс",126,2,1139,"так"
"729","male","сосна кримська",143,2,1762,"ні"
"730","female","ялина звичайна",162,4,902,"так"
"731","female","сосна датська",75,3,2867,"так"
"732","female","сосна кримська",80,2,702,"так"
"733","female","піхта Нобіліс",95,2,734,"так"
"734","male","піхта Нобіліс",104,2,854,"ні"
"735","male","сосна датська",135,1,330,"так"
"736","male","піхта Нобіліс",170,5,806,"так"
"737","male","ялина звичайна",167,1,2292,"так"
"738","male","піхта Нобіліс",144,1,1780,"так"
"739","female","сосна кримська",108,3,801,"ні"
"740","male","сосна датська",118,3,2259,"ні"
"741","male","сосна кримська",160,4,1966,"так"
"742","female","піхта Нобіліс",155,4,311,"ні"
"743","male","піхта Нобіліс",245,4,1412,"ні"
"744","male","сосна кримська",243,5,2071,"так"
"745","male","сосна датська",188,2,2624,"ні"
"746","female","сосна датська",176,5,1756,"ні"
"747","male","піхта Нобіліс",163,2,2445,"так"
"748","female","піхта Нобіліс",144,2,1375,"ні"
"749","female","ялина звичайна",234,4,1070,"ні"
"750","female","сосна датська",107,3,1743,"так"
"751","male","ялина звичайна",77,3,638,"ні"
"752","male","сосна датська",168,5,879,"ні"
"753","male","сосна кримська",221,3,1137,"так"
"754","male","піхта Нобіліс",200,3,2885,"так"
"755","male","сосна кримська",163,3,766,"так"
"756","female","піхта Нобіліс",143,2,804,"ні"
"757","female","піхта Нобіліс",169,3,2099,"так"
"758","male","сосна кримська",152,5,1526,"так"
"759","male","піхта Нобіліс",156,3,1183,"ні"
"760","male","піхта Нобіліс",132,2,1519,"ні"
"761","female","сосна датська",180,2,375,"так"
"762","male","ялина звичайна",154,3,2059,"ні"
"763","male","сосна кримська",179,5,2695,"так"
"764","female","сосна кримська",148,4,786,"ні"
"765","female","піхта Нобіліс",77,3,1175,"ні"
"766","male","сосна кримська",193,5,2649,"ні"
"767","male","ялина звичайна",117,5,2277,"так"
"768","female","сосна кримська",175,5,688,"ні"
"769","male","сосна датська",132,3,1056,"так"
"770","male","сосна датська",223,4,858,"так"
"771","male","сосна кримська",196,1,2003,"так"
"772","female","сосна датська",71,1,1185,"ні"
"773","female","сосна датська",114,2,2690,"так"
"774","male","ялина звичайна",229,5,1583,"ні"
"775","female","піхта Нобіліс",116,5,2164,"так"
"776","female","сосна датська",98,1,2272,"ні"
"777","male","сосна кримська",143,4,586,"так"
"778","female","сосна кримська",121,1,2698,"так"
"779","female","сосна кримська",223,3,2813,"так"
"780","male","сосна кримська",75,3,1702,"ні"
"781","male","піхта Нобіліс",141,2,1444,"так"
"782","female","піхта Нобіліс",118,3,1050,"ні"
"783","female","ялина звичайна",80,1,1211,"ні"
"784","female","сосна датська",108,5,1931,"так"
"785","female","ялина звичайна",207,1,1520,"так"
"786","male","сосна датська",156,3,2852,"так"
"787","male","сосна датська",242,1,581,"так"
"788","male","сосна кримська",204,1,656,"ні"
"789","male","сосна датська",115,4,348,"так"
"790","male","піхта Нобіліс",200,3,878,"ні"
"791","male","сосна кримська",245,2,1916,"ні"
"792","female","піхта Нобіліс",187,1,2148,"так"
"793","male","піхта Нобіліс",245,5,2759,"так"
"794","female","сосна кримська",236,2,2406,"ні"
"795","female","піхта Нобіліс",102,5,882,"ні"
"796","male","сосна датська",132,2,2020,"так"
"797","female","сосна датська",134,2,636,"так"
"798","male","сосна датська",208,1,1865,"так"
"799","male","сосна кримська",87,4,309,"ні"
"800","male","сосна датська",249,3,2935,"ні"
"801","female","сосна кримська",115,3,375,"так"
"802","female","сосна кримська",154,4,677,"так"
"803","male","сосна датська",215,4,2702,"так"
"804","male","сосна кримська",196,3,2618,"ні"
"805","male","сосна кримська",122,1,2150,"так"
"806","male","піхта Нобіліс",188,3,2353,"ні"
"807","male","сосна кримська",188,1,1160,"так"
"808","female","сосна кримська",204,2,1697,"ні"
"809","female","піхта Нобіліс",202,1,340,"так"
"810","male","сосна кримська",230,5,736,"ні"
"811","male","піхта Нобіліс",233,2,2883,"так"
"812","male","піхта Нобіліс",173,4,773,"так"
"813","female","сосна датська",95,4,1028,"ні"
"814","male","сосна датська",169,3,1814,"так"
"815","female","піхта Нобіліс",116,4,2720,"так"
"816","female","ялина звичайна",227,1,1247,"так"
"817","female","піхта Нобіліс",219,1,1682,"так"
"818","male","сосна датська",146,4,2149,"так"
"819","female","ялина звичайна",129,5,1128,"ні"
"820","male","піхта Нобіліс",178,2,890,"так"
"821","male","сосна кримська",149,2,880,"так"
"822","female","сосна кримська",155,2,2692,"так"
"823","male","сосна кримська",144,1,1060,"ні"
"824","male","піхта Нобіліс",202,2,1670,"ні"
"825","female","сосна датська",87,3,1754,"так"
"826","female","сосна датська",245,3,1170,"ні"
"827","male","сосна кримська",109,3,1692,"ні"
"828","male","сосна датська",159,4,2861,"так"
"829","female","ялина звичайна",79,2,854,"так"
"830","male","сосна кримська",235,5,693,"ні"
"831","female","ялина звичайна",179,5,1922,"ні"
"832","male","сосна кримська",122,2,1716,"ні"
"833","male","сосна кримська",91,3,1847,"ні"
"834","female","піхта Нобіліс",79,4,694,"ні"
"835","female","піхта Нобіліс",95,4,651,"ні"
"836","female","піхта Нобіліс",222,4,1591,"так"
"837","male","сосна кримська",193,1,1540,"так"
"838","male","піхта Нобіліс",207,1,443,"так"
"839","female","сосна кримська",139,3,2480,"так"
"840","female","сосна кримська",135,4,2761,"ні"
"841","male","сосна датська",71,2,1154,"ні"
"842","male","сосна датська",81,1,1852,"так"
"843","male","ялина звичайна",173,5,1785,"ні"
"844","female","сосна кримська",95,3,1702,"ні"
"845","male","ялина звичайна",78,3,1682,"так"
"846","male","сосна кримська",245,5,1273,"так"
"847","male","ялина звичайна",95,3,2073,"так"
"848","male","ялина звичайна",87,5,2748,"так"
"849","female","піхта Нобіліс",212,3,1542,"ні"
"850","male","піхта Нобіліс",137,2,1097,"ні"
"851","male","піхта Нобіліс",112,2,2560,"ні"
"852","male","сосна датська",72,5,1375,"так"
"853","male","піхта Нобіліс",147,5,2963,"ні"
"854","female","сосна датська",147,3,1612,"так"
"855","male","сосна кримська",173,2,2060,"так"
"856","male","сосна кримська",96,1,2184,"ні"
"857","female","сосна кримська",120,5,2055,"так"
"858","female","сосна кримська",144,4,2259,"так"
"859","male","сосна кримська",115,1,832,"ні"
"860","female","ялина звичайна",225,1,432,"ні"
"861","female","піхта Нобіліс",192,5,714,"так"
"862","male","піхта Нобіліс",137,2,2625,"ні"
"863","male","ялина звичайна",132,4,2440,"ні"
"864","male","сосна датська",208,4,501,"ні"
"865","female","піхта Нобіліс",203,1,2116,"ні"
"866","female","сосна датська",82,4,2907,"так"
"867","male","піхта Нобіліс",208,4,1971,"ні"
"868","female","ялина звичайна",122,5,1296,"ні"
"869","female","сосна датська",243,1,1213,"так"
"870","female","сосна датська",123,1,1876,"так"
"871","male","піхта Нобіліс",103,4,1677,"ні"
"872","female","сосна кримська",133,4,1003,"ні"
"873","female","піхта Нобіліс",163,3,2164,"ні"
"874","female","ялина звичайна",225,3,2835,"так"
"875","male","сосна кримська",125,2,2952,"так"
"876","female","сосна датська",95,2,1129,"ні"
"877","female","піхта Нобіліс",121,4,464,"так"
"878","male","сосна кримська",148,4,1416,"ні"
"879","female","сосна кримська",180,3,1205,"так"
"880","female","ялина звичайна",156,4,1141,"ні"
"881","male","ялина звичайна",148,1,1375,"так"
"882","female","ялина звичайна",193,2,935,"так"
"883","male","сосна кримська",140,4,2768,"ні"
"884","female","сосна кримська",143,5,1137,"ні"
"885","male","ялина звичайна",123,4,2513,"ні"
"886","female","сосна кримська",201,4,1432,"ні"
"887","male","піхта Нобіліс",101,5,1717,"так"
"888","male","сосна кримська",203,5,1241,"так"
"889","female","сосна датська",83,5,1118,"ні"
"890","female","сосна кримська",248,5,2619,"так"
"891","male","сосна кримська",174,4,2464,"так"
"892","female","ялина звичайна",118,4,1160,"так"
"893","female","сосна кримська",81,5,1312,"ні"
"894","female","піхта Нобіліс",124,3,2936,"так"
"895","female","сосна кримська",133,1,716,"ні"
"896","male","піхта Нобіліс",151,3,1198,"так"
"897","female","ялина звичайна",143,3,2008,"так"
"898","female","ялина звичайна",115,3,457,"так"
"899","male","піхта Нобіліс",200,2,2423,"так"
"900","female","сосна датська",181,4,1540,"ні"
"901","male","сосна кримська",229,2,2760,"ні"
"902","female","сосна кримська",126,2,878,"ні"
"903","female","ялина звичайна",203,1,598,"ні"
"904","female","піхта Нобіліс",179,1,474,"так"
"905","male","сосна кримська",114,3,2568,"ні"
"906","female","піхта Нобіліс",77,2,1886,"так"
"907","male","піхта Нобіліс",80,5,2752,"так"
"908","female","сосна датська",72,5,771,"так"
"909","male","сосна кримська",207,4,806,"ні"
"910","female","піхта Нобіліс",121,4,885,"ні"
"911","female","ялина звичайна",119,1,1750,"ні"
"912","male","сосна кримська",139,1,375,"ні"
"913","female","сосна датська",117,5,2462,"ні"
"914","male","сосна датська",132,1,668,"так"
"915","male","сосна датська",218,5,2201,"ні"
"916","male","сосна кримська",215,2,2244,"ні"
"917","female","сосна датська",185,1,996,"так"
"918","female","сосна датська",158,1,2610,"ні"
"919","female","сосна кримська",239,1,1296,"ні"
"920","male","сосна кримська",237,2,1804,"так"
"921","male","піхта Нобіліс",114,2,2250,"так"
"922","male","сосна датська",245,2,411,"ні"
"923","female","піхта Нобіліс",83,1,2421,"ні"
"924","male","сосна датська",178,2,2820,"ні"
"925","male","піхта Нобіліс",87,1,743,"так"
"926","female","ялина звичайна",183,5,2416,"так"
"927","male","сосна кримська",144,2,743,"ні"
"928","male","ялина звичайна",243,5,479,"ні"
"929","male","сосна кримська",141,5,328,"так"
"930","female","сосна датська",233,1,1169,"так"
"931","male","ялина звичайна",205,3,1353,"ні"
"932","male","сосна кримська",120,2,2026,"ні"
"933","female","сосна кримська",163,1,2116,"так"
"934","male","сосна кримська",156,5,2481,"ні"
"935","female","піхта Нобіліс",250,2,2791,"так"
"936","male","сосна датська",83,2,2556,"ні"
"937","female","сосна датська",194,2,2753,"так"
"938","male","сосна кримська",131,5,302,"ні"
"939","female","ялина звичайна",83,2,2441,"ні"
"940","female","ялина звичайна",231,2,2422,"так"
"941","female","сосна кримська",185,1,1786,"так"
"942","male","сосна датська",101,5,2391,"ні"
"943","female","сосна датська",152,3,476,"ні"
"944","female","піхта Нобіліс",211,3,2190,"ні"
"945","female","сосна кримська",122,3,1836,"так"
"946","male","сосна кримська",120,4,2882,"так"
"947","male","ялина звичайна",149,1,2890,"ні"
"948","male","піхта Нобіліс",198,1,1302,"так"
"949","female","піхта Нобіліс",222,3,905,"так"
"950","male","сосна кримська",82,5,1589,"так"
"951","female","сосна датська",73,2,1203,"ні"
"952","female","сосна кримська",247,4,2811,"ні"
"953","male","сосна датська",194,2,1973,"так"
"954","female","піхта Нобіліс",197,1,2656,"ні"
"955","female","ялина звичайна",249,2,1644,"так"
"956","female","ялина звичайна",233,3,1528,"ні"
"957","female","сосна кримська",233,3,1350,"ні"
"958","male","сосна кримська",134,1,393,"так"
"959","male","сосна кримська",118,3,2943,"так"
"960","male","сосна кримська",180,5,977,"так"
"961","female","сосна кримська",177,1,2768,"так"
"962","male","ялина звичайна",219,5,557,"так"
"963","male","сосна кримська",156,2,1650,"так"
"964","male","сосна кримська",225,4,2775,"так"
"965","female","піхта Нобіліс",156,1,2042,"так"
"966","female","сосна кримська",147,5,2977,"так"
"967","female","піхта Нобіліс",198,4,572,"так"
"968","male","сосна датська",249,3,1801,"так"
"969","male","сосна кримська",100,3,395,"так"
"970","female","ялина звичайна",206,5,1782,"так"
"971","female","ялина звичайна",90,5,700,"ні"
"972","female","ялина звичайна",170,5,1662,"ні"
"973","female","сосна кримська",205,1,1133,"ні"
"974","male","сосна датська",114,2,1783,"так"
"975","male","сосна датська",109,3,2460,"ні"
"976","female","сосна кримська",178,2,2304,"ні"
"977","male","сосна датська",160,5,2310,"так"
"978","male","сосна датська",239,3,2802,"так"
"979","female","сосна датська",102,2,2073,"так"
"980","female","ялина звичайна",119,5,1393,"ні"
"981","female","піхта Нобіліс",93,1,1260,"так"
"982","female","ялина звичайна",171,3,818,"ні"
"983","female","піхта Нобіліс",199,2,1185,"ні"
"984","female","піхта Нобіліс",221,2,853,"так"
"985","male","сосна датська",99,4,2971,"так"
"986","female","сосна кримська",155,1,849,"ні"
"987","female","сосна кримська",169,3,820,"так"
"988","male","піхта Нобіліс",205,5,2657,"ні"
"989","male","піхта Нобіліс",243,1,2143,"ні"
"990","female","ялина звичайна",115,5,2418,"так"
"991","male","піхта Нобіліс",202,2,654,"так"
"992","female","піхта Нобіліс",174,1,2143,"так"
"993","female","сосна датська",221,2,2530,"так"
"994","male","сосна кримська",226,1,322,"ні"
"995","male","сосна кримська",154,3,764,"ні"
"996","male","сосна кримська",129,1,969,"так"
"997","male","піхта Нобіліс",130,4,2780,"так"
"998","male","сосна кримська",136,5,490,"ні"
"999","male","піхта Нобіліс",213,4,2153,"ні"
"1000","male","сосна датська",178,4,1266,"так"
"1001","female","ялина звичайна",73,5,2500,"ні"
"1002","female","піхта Нобіліс",193,5,2194,"так"
"1003","female","піхта Нобіліс",232,3,1876,"так"
"1004","male","сосна датська",226,4,1350,"ні"
"1005","female","сосна кримська",216,1,1772,"ні"
"1006","male","сосна датська",77,1,2300,"так"
"1007","male","сосна кримська",170,2,1349,"так"
"1008","male","сосна датська",137,1,1178,"так"
"1009","male","сосна кримська",243,5,1320,"так"
"1010","male","сосна кримська",90,2,1050,"ні"
"1011","male","ялина звичайна",146,1,2289,"так"
"1012","male","сосна кримська",164,5,1689,"так"
"1013","female","сосна датська",132,4,2615,"так"
"1014","male","сосна датська",159,4,1154,"так"
"1015","male","сосна кримська",245,2,1672,"ні"
"1016","female","піхта Нобіліс",126,1,2944,"так"
"1017","male","сосна датська",83,3,1384,"ні"
"1018","male","сосна датська",120,1,341,"ні"
"1019","female","сосна кримська",133,4,1611,"так"
"1020","female","ялина звичайна",226,2,1499,"ні"
"1021","female","ялина звичайна",90,4,983,"ні"
"1022","male","піхта Нобіліс",157,2,2339,"ні"
"1023","female","сосна датська",121,4,2552,"так"
"1024","female","піхта Нобіліс",172,4,2997,"так"
"1025","female","піхта Нобіліс",182,2,1344,"так"
"1026","female","сосна кримська",126,2,983,"ні"
"1027","male","піхта Нобіліс",70,2,1448,"ні"
"1028","female","піхта Нобіліс",174,3,2903,"так"
"1029","male","сосна кримська",137,4,664,"так"
"1030","male","сосна кримська",178,2,858,"ні"
"1031","male","піхта Нобіліс",182,1,2014,"так"
"1032","female","сосна кримська",80,4,1911,"ні"
"1033","female","піхта Нобіліс",244,4,1007,"ні"
"1034","male","ялина звичайна",211,3,2127,"так"
"1035","female","сосна датська",167,5,2916,"так"
"1036","male","сосна кримська",77,2,360,"так"
"1037","female","сосна датська",218,2,445,"ні"
"1038","female","сосна кримська",86,3,1248,"ні"
"1039","male","ялина звичайна",178,2,508,"ні"
"1040","male","піхта Нобіліс",91,5,2074,"ні"
"1041","male","сосна кримська",137,2,1134,"так"
"1042","male","сосна датська",192,3,635,"ні"
"1043","female","сосна датська",197,5,1297,"так"
"1044","male","сосна кримська",80,4,1204,"так"
"1045","male","сосна датська",89,2,759,"так"
"1046","male","ялина звичайна",181,4,1980,"так"
"1047","male","сосна датська",116,2,843,"так"
"1048","female","піхта Нобіліс",118,3,2190,"так"
"1049","male","піхта Нобіліс",178,5,2948,"ні"
"1050","female","сосна датська",157,4,2616,"так"
"1051","female","сосна кримська",130,4,1582,"ні"
"1052","female","сосна кримська",175,3,641,"так"
"1053","female","сосна датська",86,4,2291,"ні"
"1054","female","ялина звичайна",145,5,1752,"так"
"1055","male","сосна кримська",206,2,2445,"ні"
"1056","male","піхта Нобіліс",218,5,1893,"ні"
"1057","female","піхта Нобіліс",107,2,311,"ні"
"1058","female","піхта Нобіліс",225,2,492,"ні"
"1059","male","піхта Нобіліс",205,5,1066,"так"
"1060","female","сосна датська",123,5,775,"ні"
"1061","female","сосна датська",96,2,552,"ні"
"1062","female","сосна датська",197,4,1386,"так"
"1063","male","піхта Нобіліс",231,3,2961,"так"
"1064","male","ялина звичайна",76,4,1837,"так"
"1065","female","піхта Нобіліс",104,3,2995,"так"
"1066","female","піхта Нобіліс",170,3,2200,"ні"
"1067","male","ялина звичайна",110,5,1512,"ні"
"1068","male","сосна датська",180,4,742,"так"
"1069","male","сосна кримська",153,2,1841,"ні"
"1070","female","ялина звичайна",72,2,794,"ні"
"1071","male","ялина звичайна",137,1,2076,"так"
"1072","male","сосна датська",196,1,518,"так"
"1073","male","сосна датська",214,1,806,"так"
"1074","female","сосна кримська",166,1,2664,"ні"
"1075","female","піхта Нобіліс",81,5,2866,"так"
"1076","male","ялина звичайна",189,4,326,"ні"
"1077","male","сосна датська",82,3,1661,"так"
"1078","male","піхта Нобіліс",119,5,2742,"ні"
"1079","female","піхта Нобіліс",88,4,2360,"ні"
"1080","male","сосна кримська",154,1,1448,"ні"
"1081","female","сосна кримська",181,3,1462,"так"
"1082","male","піхта Нобіліс",231,3,2916,"так"
"1083","female","ялина звичайна",139,5,947,"так"
"1084","male","сосна датська",141,1,829,"так"
"1085","female","ялина звичайна",154,3,1624,"так"
"1086","female","сосна датська",202,1,2610,"так"
"1087","female","сосна датська",148,3,2840,"так"
"1088","male","сосна кримська",215,4,1634,"так"
"1089","male","ялина звичайна",110,2,1497,"так"
"1090","male","сосна датська",193,4,2841,"так"
"1091","female","сосна кримська",213,4,1294,"ні"
"1092","female","піхта Нобіліс",214,5,1799,"так"
"1093","female","піхта Нобіліс",168,3,2985,"так"
"1094","female","сосна кримська",243,3,905,"ні"
"1095","female","ялина звичайна",216,4,2695,"так"
"1096","male","ялина звичайна",226,3,1989,"так"
"1097","female","піхта Нобіліс",103,2,1773,"так"
"1098","female","сосна кримська",127,1,1430,"ні"
"1099","male","піхта Нобіліс",231,2,1321,"ні"
"1100","male","піхта Нобіліс",210,2,2867,"так"
"1101","female","сосна датська",125,5,720,"так"
"1102","male","сосна датська",81,5,1685,"ні"
"1103","female","сосна кримська",89,5,2058,"так"
"1104","female","ялина звичайна",87,4,2882,"ні"
"1105","female","піхта Нобіліс",92,4,1182,"так"
"1106","male","піхта Нобіліс",71,2,1780,"ні"
"1107","female","сосна кримська",206,2,674,"так"
"1108","male","сосна датська",97,5,2532,"так"
"1109","male","піхта Нобіліс",177,1,2058,"так"
"1110","male","сосна датська",212,3,2723,"ні"
"1111","female","піхта Нобіліс",90,2,2533,"ні"
"1112","female","сосна датська",77,1,2022,"ні"
"1113","female","сосна датська",82,3,1958,"ні"
"1114","male","ялина звичайна",236,3,776,"так"
"1115","female","піхта Нобіліс",162,5,2444,"ні"
"1116","female","сосна датська",140,2,2503,"так"
"1117","female","ялина звичайна",139,5,1103,"ні"
"1118","female","піхта Нобіліс",156,4,2737,"так"
"1119","female","сосна датська",124,4,2718,"ні"
"1120","female","сосна датська",232,5,2234,"ні"
"1121","male","ялина звичайна",168,3,1478,"так"
"1122","male","піхта Нобіліс",220,2,1580,"так"
"1123","female","сосна датська",108,2,2724,"ні"
"1124","female","ялина звичайна",209,1,2233,"так"
"1125","female","сосна кримська",220,4,2698,"так"
"1126","female","ялина звичайна",222,2,826,"так"
"1127","male","сосна датська",211,5,1162,"так"
"1128","male","піхта Нобіліс",237,1,2591,"так"
"1129","female","піхта Нобіліс",129,1,411,"ні"
"1130","male","піхта Нобіліс",76,5,1688,"ні"
"1131","male","ялина звичайна",77,4,2133,"ні"
"1132","female","сосна датська",194,1,1447,"ні"
"1133","female","сосна датська",132,4,2226,"ні"
"1134","female","ялина звичайна",194,3,1942,"ні"
"1135","female","сосна кримська",172,4,350,"так"
"1136","male","піхта Нобіліс",182,3,2466,"так"
"1137","female","ялина звичайна",77,3,564,"ні"
"1138","female","ялина звичайна",196,3,304,"так"
"1139","female","піхта Нобіліс",202,2,2010,"ні"
"1140","male","сосна датська",101,5,2533,"ні"
"1141","male","піхта Нобіліс",186,3,2618,"ні"
"1142","male","піхта Нобіліс",89,2,2731,"ні"
"1143","male","сосна датська",77,4,543,"так"
"1144","female","піхта Нобіліс",215,4,815,"ні"
"1145","female","сосна датська",168,2,1489,"так"
"1146","male","піхта Нобіліс",170,1,1480,"так"
"1147","female","піхта Нобіліс",150,1,2426,"так"
"1148","male","сосна кримська",228,1,1823,"ні"
"1149","female","ялина звичайна",238,3,2627,"так"
"1150","female","сосна кримська",73,4,2119,"ні"
"1151","female","сосна кримська",123,1,2650,"ні"
"1152","male","сосна кримська",140,4,2396,"ні"
"1153","male","ялина звичайна",138,1,2250,"ні"
"1154","male","піхта Нобіліс",155,2,724,"так"
"1155","female","піхта Нобіліс",99,4,2067,"так"
"1156","male","піхта Нобіліс",119,3,1693,"так"
"1157","female","піхта Нобіліс",238,4,1271,"так"
"1158","female","сосна датська",122,4,2073,"так"
"1159","female","ялина звичайна",125,2,617,"ні"
"1160","female","піхта Нобіліс",130,5,1178,"ні"
"1161","female","сосна кримська",89,1,701,"ні"
"1162","female","піхта Нобіліс",227,4,1179,"ні"
"1163","female","піхта Нобіліс",157,1,995,"ні"
"1164","female","сосна датська",99,5,1875,"так"
"1165","female","ялина звичайна",102,3,2273,"так"
"1166","female","сосна датська",172,4,834,"ні"
"1167","female","піхта Нобіліс",73,5,489,"так"
"1168","male","сосна кримська",121,2,925,"ні"
"1169","female","ялина звичайна",167,1,1830,"так"
"1170","female","піхта Нобіліс",118,2,2959,"так"
"1171","female","ялина звичайна",184,4,785,"так"
"1172","male","піхта Нобіліс",185,5,843,"так"
"1173","female","сосна кримська",116,4,1713,"ні"
"1174","male","сосна датська",118,1,2849,"так"
"1175","male","піхта Нобіліс",111,4,2704,"ні"
"1176","female","сосна датська",86,3,2793,"ні"
"1177","male","піхта Нобіліс",249,5,2663,"так"
"1178","male","сосна кримська",168,3,2877,"так"
"1179","male","сосна датська",239,5,936,"ні"
"1180","male","сосна кримська",129,3,2089,"так"
"1181","female","сосна кримська",120,1,2137,"ні"
"1182","female","сосна кримська",92,2,2337,"ні"
"1183","female","сосна датська",249,5,2549,"ні"
"1184","male","сосна датська",129,4,707,"ні"
"1185","female","сосна кримська",227,2,2541,"ні"
"1186","female","сосна датська",188,5,1696,"ні"
"1187","female","ялина звичайна",246,2,2861,"так"
"1188","male","ялина звичайна",113,1,1237,"ні"
"1189","female","піхта Нобіліс",103,5,2647,"так"
"1190","female","ялина звичайна",226,5,2990,"так"
"1191","female","сосна датська",202,4,2599,"ні"
"1192","male","піхта Нобіліс",158,4,2715,"так"
"1193","male","сосна датська",131,5,2683,"ні"
"1194","male","сосна кримська",138,4,304,"так"
"1195","female","ялина звичайна",127,4,2932,"ні"
"1196","male","ялина звичайна",137,2,1298,"ні"
"1197","female","піхта Нобіліс",141,3,906,"так"
"1198","male","сосна кримська",220,5,1591,"ні"
"1199","male","сосна датська",94,1,1966,"так"
"1200","male","сосна датська",105,5,2204,"ні"
